ID,Name,Screen Name,Verified,Followers,Friends,Listed count,Favourites count,Tweets count,Created at,Output
3039154799,Nessuno,00_matilde,False,160,390,0,7412,6599,2015-02-15 14:56:36,human
390617262,Claudia Lanzallotto,0Claudia9,False,286,391,1,212,3184,2011-10-14 08:00:55,bot
4611389296,One Direction.,0nedangels,False,205,194,0,2265,2500,2015-12-26 13:55:00,human
734396807745286145,ğ’ğ’‚ğ’“ğ’•ğ’Šğ’ğ’‚,11dreams_,False,200,396,1,14252,5226,2016-05-22 14:53:38,human
1010978324569640960,1D,1D02685599,False,10,23,0,139,2457,2018-06-24 20:09:50,bot
1012447780504326145,1D8YearsGoingStrongâ¤ï¸,1D39191230,False,341,1106,1,1387,2147,2018-06-28 21:28:56,human
1012258265772720128,1D,1D97435172,False,11,21,0,46,444,2018-06-28 08:55:52,bot
968196446,Anneâ¤ï¸,1DAnneStyles,False,141,272,5,7658,14344,2012-11-24 15:14:55,human
1012049887947456512,1D&Directioners,1DDirec47313447,False,2,1,0,15,1566,2018-06-27 19:07:51,bot
1011995299622064131,1D_Family,1DFamil22117676,False,13,53,0,6,397,2018-06-27 15:30:56,human
2890342662,ShineBRIGHTandWIN,1DLads_BW4Life,False,647,236,1,13755,31883,2014-11-05 02:32:15,human
720666928055001088,VOTING TEAM,1DSTATSVOTESL,False,26,16,0,150,1686,2016-04-14 17:35:59,bot
1010968620866965506,One Direction Voting,1DVoting28,False,11,5,0,46,2366,2018-06-24 19:31:16,bot
1704716070,COMEBACKSOON1D,1D_ilmiosogno,False,136,464,1,4596,2040,2013-08-27 13:50:23,human
1010610247789096960,Linda,voteforlegends5,False,224,420,0,76,4356,2018-06-23 19:47:14,bot
1154282738,Il Migliore,1IlMigliore,False,345,886,7,2033,3740,2013-02-06 15:14:11,bot
1012070142719774720,votate i 1D,1dVotate,False,16,3,0,0,762,2018-06-27 20:28:20,bot
883611156228825088,Nicole,1d_allmylove_,False,772,975,0,3109,24673,2017-07-08 08:58:11,human
1011189105923784704,1D CHOICE FANDOM,1d_choice,False,56,39,0,56,10763,2018-06-25 10:07:24,bot
1012089312794509312,VOTATE I 1D,1d_votate,False,20,48,0,117,1287,2018-06-27 21:44:30,human
1011238575399165959,1D always in my heartğŸ¤,1dalwaysinmyhe1,False,11,20,0,27,773,2018-06-25 13:23:59,human
406457303,there's a reservoir in your eyes,horanschords_,False,1821,2114,16,124646,89046,2011-11-06 18:49:08,human
959255458774122496,1DInMyHeart_Always ğŸ‡§ğŸ‡·,1dinmyheartA,False,93,0,5,1138,3994,2018-02-02 02:41:38,human
4655510439,stream walls,1dlarrysaf,False,193,441,3,6684,7489,2015-12-30 16:32:37,human
3119392109,M.M,1dmccurdians,False,1299,1498,5,2497,19439,2015-03-26 18:25:19,human
1010882400325431298,Vote for one direction pls,1dreactionpic1,False,18,41,0,66,765,2018-06-24 13:48:40,human
1010605695601963008,Olivia.,blankxstyles,False,7,2,1,32,5813,2018-06-23 19:29:08,bot
809795080429142017,vote for our babysâœ¨,1dvote____,False,16,16,0,532,2981,2016-12-16 16:19:27,bot
1357959324,midnight OUT NOW,1dvotedfan,False,490,504,0,4591,11416,2013-04-16 22:03:54,bot
1012132071073112064,Conta pra votarğŸ’–,1dvoteeplss,False,53,83,0,279,2935,2018-06-28 00:34:25,bot
2334131662,Thiam,2000gmw,False,192,235,1,98926,33610,2014-02-09 17:42:21,bot
975703783475949568,Vote 1D,4NG3L0NF1R3,False,33,97,0,255,336,2018-03-19 12:01:24,bot
1001873627506233346,50 sfumature di S-F-I-G-A,50shadesofsfiga,False,18,53,0,35,1389,2018-05-30 17:11:01,human
327555341,NICOLETTA CACCIARI,56_nico,False,622,223,1,4928,15081,2011-07-01 19:18:35,bot
1005146327523713024,5amorii,5amori,False,212,564,0,778,3023,2018-06-08 17:55:34,human
1012607637026983936,5__boys__1D,5boys1D2,False,6,10,0,292,502,2018-06-29 08:04:08,bot
820170949215432704,jeno luvr â™¡,YoursHyuckie,False,4,219,1,2725,2230,2017-01-14 07:29:27,bot
630459182,Stefano Malaguti,67Malaguti,False,576,1199,0,3823,5263,2012-07-08 19:28:21,human
883724976158887938,Massimo,69Nique,False,103,231,0,17059,12192,2017-07-08 16:30:28,bot
3007724008,palla laura,76lauraLaura,False,13,7,0,1162,1232,2015-01-31 13:37:07,bot
916187275133890565,Aya80.78,78Aya80,False,21,26,0,192,1797,2017-10-06 06:24:03,bot
4034721759,Ida Meconi,949905e897cf45a,False,460,449,0,4095,10589,2015-10-24 22:56:10,bot
1459595030,VOTATE I RAGAZZI,ACCOUNTPERVOTI,False,20,169,0,55,1525,2013-05-26 13:02:43,bot
585091018,Claudio,Ab1Disce0mnis,False,592,773,1,12642,6244,2012-05-19 20:54:58,human
391505537,Alessandro Quinto ğŸ‡ªğŸ‡º,AleQuinto1,False,296,922,2,10048,3436,2011-10-15 17:25:20,human
834490192954290178,AleStylinson,AleStylinson_,False,19,23,0,9,287,2017-02-22 19:49:00,bot
2363684405,ğŸ–ï¸AlessioğŸ”ï¸,79_Alessio,False,446,118,43,26058,131539,2014-02-24 21:13:17,human
4082476475,Êá´á´œÉ´É¢Ê™ÊŸá´á´á´… â˜¾,cloudscouldtalk,False,388,1771,0,28533,3771,2015-10-31 12:32:07,human
2982392825,Hanna,AlleHanna,False,265,345,0,1190,5977,2015-01-17 11:03:24,bot
1063319761,ferrari silvia,AlteaFerrari,False,100685,93088,262,362809,184555,2013-01-05 15:54:47,human
2918674683,Giovanna,AlwaysGio__,False,301,404,0,209,3057,2014-12-12 23:55:40,bot
728183118457384960,Angelilla,AngelaMascara,False,258,595,0,10836,13082,2016-05-05 11:22:39,bot
1698808080,AngelicaSvezia,AngiSvezia,False,165,148,0,7884,5183,2013-08-25 10:40:15,bot
1000351128389865477,Anitaâ—ŸÌ½â—Ì½ ğŸ³ï¸â€ğŸŒˆ,Haz_x_Boo,False,495,612,6,12538,7404,2018-05-26 12:21:09,human
901802279623417856,Anna 05600885,Anna10mila,False,297,370,1,7639,6553,2017-08-27 13:43:12,human
981636477292564480,Anna_23,Anna2340531163,False,14,152,0,365,475,2018-04-04 20:55:48,bot
2298056467,Annarella,AnnaDream74,False,467,436,5,3962,7178,2014-01-18 15:16:29,human
585560662,Io SenTo Il SouNd,AnnaFiusco,False,314,565,2,10341,13093,2012-05-20 10:32:40,human
4821863061,Anna,AnnaFortunato26,False,669,2812,6,20081,11731,2016-01-17 19:23:15,human
550410719,Anneâ¤LaVocedellaLuna,AnnaMinervini1,False,362,273,3,10549,14955,2012-04-10 20:15:38,bot
819902175619022849,Annette68,AnnamariaMI85,False,4003,494,29,125667,114535,2017-01-13 13:41:26,human
329134629,Annarita,Anr_s92,False,215,267,1,1290,9798,2011-07-04 16:02:23,bot
563771096,Antonio Lafiosca,AntnLafio,False,493,1123,104,6727,6389,2012-04-26 14:35:03,bot
868185435293585410,NON USATE I NUMERI E LE EMOJI,AriEOned,False,51,101,0,148,2808,2017-05-26 19:21:52,human
1202102875,Alejandro,ArmandoAlej,False,278,376,4,22316,7299,2013-02-20 20:35:38,human
125072714,ArmataScanu,ArmataScanu,False,2460,21,5,2664,10524,2010-03-21 15:52:49,bot
202212121,Monia Armonja Rufini,Armonja,False,755,90,0,7410,13877,2010-10-13 15:03:31,bot
1244391379,ArtBeat Ideas,ArtBeatIdeas,False,1418,570,37,4552,21823,2013-03-05 18:47:20,human
3291561425,autunno,AutunnoSi,False,217,248,0,630,4238,2015-05-20 16:34:47,bot
824903248599355395,Babi,Babi47671391,False,173,86,0,1564,4721,2017-01-27 08:53:55,bot
825380362226429953,Barby,Barby21217171,False,127,77,0,1556,4539,2017-01-28 16:29:47,bot
1012063518659698690,Bastardisemibloccatepurestoprofilo,Bastardisemibl1,False,25,24,0,6,301,2018-06-27 20:02:00,human
830683244,â˜†Pia22SteÙ†,Beatiste,False,2842,277,32,30545,40884,2012-09-18 09:24:26,human
4352856142,Benedetta ğŸ’šğŸ’™,Benedet84186855,False,207,284,0,5009,4860,2015-12-02 17:37:42,human
867072457215279104,á´,BiancaCartei,False,9,49,0,1489,512,2017-05-23 17:39:18,human
831914104507990016,Piero Bigi,BigiPiero,False,84,42,0,745,3845,2017-02-15 17:12:33,bot
1006066460,Bobetta,Bobetta3,False,691,1249,0,6056,10312,2012-12-12 10:48:37,bot
868401085802852352,Boo_and_Hazz,BooandHazz1,False,27,33,0,8,1094,2017-05-27 09:38:47,bot
425943636,Alessandro Borghese,BorgheseAle,True,178315,203,420,7243,9467,2011-12-01 16:52:10,human
2579632449,Elena Borsari,BorsariElena,False,72,525,3,5124,1356,2014-06-03 06:45:56,human
970583174349840384,LiljasBrok,BrokLiljas,False,59,377,0,3733,955,2018-03-05 08:53:56,human
4836438088,Bruna Marini,BrunaMarini5,False,915,472,31,18166,17847,2016-01-22 21:09:58,human
202305873,Bruna Verutti,BrunaVerutti,False,205,67,4,3536,19314,2010-10-13 19:12:09,bot
971374169781882881,Brunella,Brunystamp,False,46,26,0,1751,4764,2018-03-07 13:17:04,human
1244668758,Carlo Ausoni,CAusoni,False,521,1636,7,45122,6040,2013-03-05 21:49:00,human
1086442256,Cristiana Avenali,CAvenali,False,2367,999,96,8290,12387,2013-01-13 15:39:16,human
732212397654609920,AUTOCENTRO FRASCATI,CRPFRASCATI,False,10,46,2,634,3680,2016-05-16 14:13:34,bot
1123481,Luca Aprea,Cafeponci,False,2063,2450,80,77324,70864,2007-03-13 23:13:16,human
606417584,Vincenzo Cannova,CannovaV,False,79903,33115,348,149549,96421,2012-06-12 15:51:26,human
3500831,'Pataphysicien DrÃ´le,CapaGira,False,1964,1631,125,4839,213724,2007-04-05 08:02:54,human
3070640794,Cappellaio87,Cappellaio87,False,310,626,1,13479,16714,2015-03-04 19:19:17,bot
306412249,Bruno Caracciolo,Caracciolo93,False,1106,1730,4,111985,11560,2011-05-27 20:52:34,human
827909004923801600,Noemi Cara,Caranoemitw,False,186,462,0,3225,3058,2017-02-04 15:57:43,bot
595356862,Francesco C.,CarbonFrank,False,385,316,14,8361,29649,2012-05-31 09:58:02,human
625712362,CaGi #IoSonoAntifascista,CaressaGiovanni,False,2461,1799,65,15160,50662,2012-07-03 16:58:35,human
3407591541,Carla Chianese,CarlaChianese,False,139,52,0,4811,5489,2015-08-07 19:27:41,bot
831165187994574850,Cassandra662,Cassandra6624,False,289,574,0,13044,15504,2017-02-13 15:36:37,bot
2918691515,Caterina,Cat2014_Believe,False,323,432,1,262,3171,2014-12-12 23:45:18,bot
2837970855,Catholic Tweet,CatholicTweet1,False,4704,1931,144,105249,65071,2014-10-20 11:15:14,bot
855102334875172866,Celica,Celica_FE,False,1,1,0,2047,2038,2017-04-20 16:54:18,bot
2992407304,â™Œï¸ğŸ’—â™€ï¸ChiarağŸ’—â™€ï¸â™Œï¸,chiara_220896,False,18890,18924,16,11759,106393,2015-01-22 15:45:25,human
996455315796262916,Chourouk,Chourou04946447,False,28,27,0,68353,3740,2018-05-15 18:20:35,bot
461015426,cinzia molinari,CinziaMolinari,False,1134,746,3,20022,49028,2012-01-11 10:54:07,bot
2323994683,Claudia Cla,Claudia62VS,False,492,684,2,5457,11693,2014-02-02 16:08:14,bot
2896312810,Criâ¤,Cri1DBenjieFede,False,347,427,3,20036,23532,2014-11-28 18:50:35,bot
177548621,Dome,DAMarciano92,False,286,1402,4,11147,6763,2010-08-12 12:35:47,human
728911567589363712,á´… á´‡ É´ Éª Éª Éª ğŸŒ¸,DENISA_NH14,False,469,937,2,3961,5200,2016-05-07 11:37:15,human
2968800676,#Lila,dalilascps,False,227,199,3,10203,3060,2015-01-08 23:07:22,human
2217834630,DaniğŸŒ»,Dany1Dlove27,False,1680,932,7,75402,32633,2013-11-27 13:54:45,human
845712063251054592,Davide Arena,DavideArena1897,False,33,199,0,11372,9932,2017-03-25 19:00:43,human
2982506153,elena dei rossi,DeiElena,False,219,158,1,379,4063,2015-01-17 13:12:25,bot
839937500101627904,Deia Derosas,DeiaDerosas,False,106,304,0,2272,4449,2017-03-09 20:34:40,bot
2799576867,Roberto Delbono,DelbonoRoberto,False,389,1546,25,78340,63963,2014-10-02 09:16:03,human
1009859481214341120,Maybed3ny ğŸŒ¹,Denise04955126,False,17,41,0,1556,1547,2018-06-21 18:03:57,human
974981520984346626,Derire',Derire2,False,43,172,0,263,1244,2018-03-17 12:11:23,bot
979300010843168772,zebra,DianaMu82095574,False,12,67,0,32,798,2018-03-29 10:11:31,bot
231999899,Diletta Palazzetti,Diletta123,False,897,169,1,2845,9571,2010-12-30 01:24:54,bot
1362279283,Domenico De Francesc,DomenicoFurioso,False,421,575,1,19134,8842,2013-04-18 15:52:53,human
4826949964,donatella,DonatellaTosati,False,334,651,2,3090,4293,2016-01-19 15:53:58,bot
2560586103,Dodo Underwoodâ™¤â™¡â™¢â™§W8NDERFUL,DonnySbrocca,False,291,1527,10,13360,14631,2014-05-23 17:44:28,human
855136163849482240,Dudda Novizia,Dudda_Novizia,False,59,100,0,9225,3754,2017-04-20 19:08:43,bot
523625151,oeir9ll,kssdhr,False,820,2178,4,19742,14681,2012-03-13 20:07:56,human
932924905,Enzo Neri,EMZONERI,False,79,16,0,1411,1590,2012-11-07 20:53:38,bot
486025962,Francesca EffeCi,EffeCi5,False,375,183,7,40332,25994,2012-02-07 20:56:40,human
2269447992,Elena.,Ele_1DMD,False,427,495,3,21403,26815,2013-12-30 21:24:37,bot
327555253,Elena,ElenaLvdzdv,False,740,812,1,4796,9142,2011-07-01 19:18:24,bot
1002691095829057538,á™á¥²É¾É©á¥² â,Cho_cola_t,False,7035,5686,1,13316,11211,2018-06-01 23:19:21,bot
548662037,Fatina dell'Umorismo,Elly15vs,False,958,843,13,4306,15322,2012-04-08 19:33:34,bot
765890238946443264,Emiliano,EmiGabirel,False,198,188,3,96,7481,2016-08-17 12:37:17,human
825395422147522560,EmiliaVS,EmiliaVS1,False,342,527,2,13852,24198,2017-01-28 17:29:38,bot
4353158674,Emily,EmilynotRata,False,689,573,3,15287,9792,2015-12-02 18:18:17,human
989748219776126978,Emmaâ™¡,Emma92517603,False,229,218,0,3677,3735,2018-04-27 06:08:58,human
983427268528754688,GIOVANIğŸŒ¹,EmmaBiondo,False,249,50,0,7555,1380,2018-04-09 19:31:46,human
905405149614624769,Emy,Emy40850356,False,127,436,0,9333,15766,2017-09-06 12:19:44,bot
966343682,Emy,EmyScanu,False,630,640,3,22949,49803,2012-11-23 15:44:52,bot
603005791,Enea Moscon,EneaMoscon,False,709,1249,9,9671,9157,2012-06-08 19:27:54,human
2939550185,Enpatreviso,Enpatreviso,False,461,226,27,3013,8148,2014-12-24 14:19:03,human
1109829834,Enza Altieri,EnzaAltieri,False,5926,1760,263,117239,102486,2013-01-21 19:15:36,human
974977242165055488,Ewa,Ewa34934453,False,444,379,0,28131,29481,2018-03-17 11:54:23,human
590292527,FDRCOSP90,FDRCOSP90,False,51,191,2,4617,6561,2012-05-25 20:29:42,human
840552254851678211,Takumi,FEHTakumi,False,171,1,4,14,47438,2017-03-11 13:17:29,bot
2199622261,Fabio Roscioli,FabioRoscioli,False,245,157,0,31092,18822,2013-11-17 14:33:36,human
424907383,Fabio Traversa,FabioTraversa,False,3765,1741,64,10953,54235,2011-11-30 09:42:07,human
4818612196,Enjoy libturd world,FartFromAmerika,False,4820,2758,45,169893,119341,2016-01-16 17:01:28,human
977928174582616064,Fausto,Fausto77969754,False,212,55,0,54725,11154,2018-03-25 15:20:20,human
327674514,Stefany Rizzo,Fiffistefy,False,364,1096,4,8123,11944,2011-07-01 23:33:14,bot
1331398375,fili Justice,FiliFuli,False,579,800,4,61181,20548,2013-04-06 11:41:18,human
333431378,Filippo DuÃ²,FilippoDuo,False,507,4920,12,71607,25083,2011-07-11 14:43:40,human
825698658695905280,@FiloRosso,FiloRosso2,False,303,844,0,597,4006,2017-01-29 13:34:35,bot
1367800687,Fionami,Fionami1,False,152,456,1,16191,9811,2013-04-20 19:11:00,human
554539740,Ketty Fiorino,FiorinoKetty,False,411,323,4,3824,8090,2012-04-15 16:17:08,bot
989116382611755009,Giulia Zoe Flauret,FlauretZoe,False,10,6,0,185,300,2018-04-25 12:18:17,human
729045489665052672,Flaviano Peluso,FlavianoPeluso,False,378,602,2,899,368,2016-05-07 20:29:24,human
1011956312580804608,Vote for 1D,Foool1d,False,23,58,0,18,4121,2018-06-27 12:56:00,bot
2211763337,Zucconi Claudia,FraLu64,False,430,606,3,9109,10803,2013-12-07 07:40:47,bot
782534791975563264,Fraâ™,Frafra20_05,False,240,187,1,12863,2837,2016-10-02 10:56:48,human
2797764234,Francesca.Diletta,FrancescaDivs,False,496,146,1,4750,15349,2014-09-08 12:09:29,bot
2339156160,Francesca ğŸ,shawcesca,False,1390,1189,1,7473,4048,2014-02-11 21:16:31,bot
721817054,ğŸ¹Spritz,Fuckeveryonexox,False,629,264,8,87275,32821,2012-07-28 08:55:57,human
1011987366582603776,Funghetti,Funghetti4,False,16,40,0,168,338,2018-06-27 14:59:24,bot
474941280,@GABA90,GABA901,False,55,112,1,4043,7380,2012-01-26 14:23:08,bot
2349112225,GABRIELLA MARA,GABRIELLAMARA2,False,708,1044,3,7207,19888,2014-02-17 21:39:57,bot
755328987795165184,Giuseppe Castaldo,GIUSPEDU,False,301,2440,1,118081,118796,2016-07-19 09:10:38,human
2998480923,giorgia interrato,GInterrato,False,157,59,0,2094,4635,2015-01-25 20:08:43,bot
926532287675731976,Gianni Pettella,GPettella,False,6,154,0,4252,3420,2017-11-03 19:31:26,bot
2998555053,gerardo spasmo,GSpasmo,False,144,69,0,2131,4755,2015-01-25 20:50:19,bot
2982782446,Gabriella Gabri,GabriGabri_ts,False,287,372,1,1189,6015,2015-01-17 17:03:45,bot
448110696,Gabriella Pobega,GabriPobega,False,415,501,0,1637,9414,2011-12-27 16:45:42,bot
2982546107,Gabriella Razzoli,Gabri_Razzoli,False,500,0,2,5743,10942,2015-01-17 13:52:14,bot
911509904795545600,Giusi Gennusa,GennusaGiusi,False,5,23,0,123,4003,2017-09-23 08:37:51,human
704820933027045376,Giacomo,fitti1988,False,505,731,4,45342,15827,2016-03-02 00:09:40,human
700244333,LONE WOLF,GiacomoNesci,False,291,1365,1,8491,3830,2013-10-02 18:22:34,human
826000575657549825,Ametista Giallo,GialloAmetista,False,256,533,0,2511,3816,2017-01-30 09:34:18,bot
950998000742141952,Gianni,Gianni67055117,False,386,774,0,8127,1687,2018-01-10 07:49:26,human
276497372,gianni elia,Gianni_Elia,False,1002,394,8,37561,52954,2011-04-03 13:41:36,human
2982795550,Zio Gianni,Gianniontheroad,False,310,387,0,191,3290,2015-01-17 17:16:32,bot
991332558,mira gianturco,GianturcoMira,False,184,262,13,7,5206,2012-12-05 16:53:46,human
2976241827,Giuseppe Marino,Gimar95,False,169,1055,8,30161,9477,2015-01-13 12:01:27,human
489519253,Claudia ğŸ‡®ğŸ‡¹,GingerJCB,False,541,764,17,3378,41400,2012-02-11 16:22:06,human
3092010165,Giovanna Conte,GioLuna64,False,268,429,2,18317,10535,2015-03-15 14:00:35,human
3290568658,Liam's Girlâ¤âœ¨,GiorgiaAziz1d,False,266,673,0,1980,3071,2015-05-19 21:45:11,bot
2982443524,Giovanna ,Giovannablu,False,186,199,0,19,2103,2015-01-17 11:19:02,bot
3224618207,Giovanni Di Maio,Giovanni1DiMaio,False,449,787,8,14720,31830,2015-04-30 14:51:36,human
573568763,Giovanni Baldini,GiovanniBaldin3,False,2202,2151,12,1019,2739,2012-05-07 11:46:28,human
838435964922052608,Girasole57,Girasole572,False,28,1,0,2226,2642,2017-03-05 17:08:06,bot
2419259186,B-fly ğŸ‡¨ğŸ‡´ğŸ’šğŸ¦‹,Gisi1D_06,False,815,858,6,9785,10075,2014-03-30 16:54:40,human
3122007425,coca cola hat,xLukesChains,False,165,474,0,7172,5931,2015-03-27 19:02:16,human
1571230602,GiuliağŸŒ¹,Giulia_1D_LM,False,523,723,22,2349,73339,2013-07-05 20:04:48,human
202206667,Giuliana Poce,GiulianaPoce,False,383,456,4,1614,13004,2010-10-13 14:49:03,bot
2930775934,Giulia,GiuliettaSkype,False,1146,4763,40,16336,21045,2014-12-18 21:00:26,bot
812590099024199680,Giuseppe mamone,Giuseppemamone5,False,75,286,2,9167,5804,2016-12-24 09:25:51,human
560954476,Pina Farina,GiuseppinaFarin,False,932,1048,4,12387,36226,2012-04-23 08:51:57,bot
423240463,Giusi Riccobono,GiusiRiccobono,False,523,736,1,6400,8744,2011-11-28 07:56:51,bot
2385911950,Le piadine di Harold â—ŸÌ½â—Ì½ // Old Me ğŸ‡®ğŸ‡¹,GreyUnicorns,False,716,696,0,6263,9380,2014-03-05 17:04:40,human
928908311050706944,Gunadi Ba,GunadiBiscione5,False,21,210,1,9091,27886,2017-11-10 08:52:54,human
797499926594908160,LanağŸŒ›,Gvccij,False,868,758,1,5475,4839,2016-11-12 18:02:54,human
926348944686419968,ALLA.HABABA,HababaAlaa,False,1704,1088,8,110504,94154,2017-11-03 07:22:53,human
239861947,ContessinaTuMiStufi,Halena85,False,281,518,5,48456,29528,2011-01-18 16:09:40,human
1011723273057554438,Harry009,Harry00913,False,0,2,0,9,1389,2018-06-26 21:30:00,human
1011975267915575297,Liam,Harry23533247,False,20,79,0,1,862,2018-06-27 14:11:20,bot
1012138187576180736,ğŸŒ»,Harryfookinstyl,False,103,118,0,109,5267,2018-06-28 00:58:43,human
534504035,Pietro,Hepicuro,False,1643,1434,5,1237,63556,2012-03-23 16:58:37,human
986192376241770499,(ğŸ‡­)omeğŸ â¤,Hi1DHavemySoul,False,221,847,0,12775,3271,2018-04-17 10:39:19,human
1012302562660405248,VoteforOne,Holaa63146637,False,15,8,0,3,445,2018-06-28 11:51:53,bot
726108618051997696,Claudio ğŸ‡®ğŸ‡¹46,HondaClaudio,False,554,1350,3,16199,12550,2016-04-29 17:59:19,human
2989418577,Grande RIO,ILgrandeRIO,False,260,190,0,1743,4317,2015-01-21 10:05:17,bot
972790109325099008,ilGovernoOmbra,IOmbra,False,157,246,1,4010,2617,2018-03-11 11:03:30,human
814176367,walls&fine line&changes out now,louharrydrew,False,357,466,2,23814,29538,2012-09-10 00:43:08,bot
1011716963498909696,fra,ffrancsc,False,410,1153,0,69891,2855,2018-06-26 21:04:55,human
893832219873206273,VOTIAMO I 1D,IamKatPetrova,False,14,5,0,17,264,2017-08-05 13:53:02,bot
228744087,Rob â—¡Ìˆ (s/h),vivitanie,False,1333,2276,6,51246,34353,2010-12-20 15:17:26,bot
883056345200635904,Tek,RoseNereXII,False,41,37,0,1558,988,2017-07-06 20:13:33,human
950483930003771392,Il Pannoccia,Il_Pannocchia1,False,39,47,0,611,976,2018-01-08 21:46:42,bot
752099077756686336,Ilaria Ã© Universaleâ¤,Ilaria1605,False,563,1206,3,22075,17275,2016-07-10 11:16:08,human
831785890552877062,Ilary,IlaryBlacks,False,75,58,0,2138,2329,2017-02-15 08:43:04,bot
2376525880,Retweetto il meglio,Ilmeglioretweet,False,8657,9466,23,40617,54587,2014-03-02 17:15:54,bot
2704478260,Pasquale Imparato,ImparatoPasqual,False,266,139,23,58,8671,2014-07-12 20:06:02,bot
278767989,Giusy A M D'Alessio,Imperatrice17,False,436,4997,1,2486,5017,2011-04-07 23:06:30,human
3138084547,In Analisi,InAnalisi,False,829,556,9,78168,23174,2015-04-03 22:24:10,human
1122716048,your enemy ğŸ‡®ğŸ‡¹ğŸ‡µğŸ‡±,InMyMind80,False,302,973,0,30043,11933,2013-01-26 17:52:15,human
1337678305,IndieGameTrends,IndieGameTrends,False,25966,2458,8039,12312,1054616,2013-04-08 21:30:03,bot
761376188,Irene,lavitamiglior3,False,2059,1292,4,17786,55625,2012-08-16 11:29:46,human
1198843740,Angelo Profera,Jackill22,False,176,268,0,9734,7401,2013-02-19 22:37:28,human
2364628874,Jankar,Jankar1d5a6fc4,False,123,361,1,11164,1862,2014-02-27 20:33:13,human
1714082910,Jessica,JessicaTzn,False,163,168,2,32927,5558,2013-08-31 00:32:52,human
830818718703837187,Joker1295,Joker12953,False,159,255,0,1325,3576,2017-02-12 16:39:53,bot
2982526985,Justine Mara,JustinevMara,False,621,1188,6,8412,15011,2015-01-17 13:33:32,bot
1449933242,Laura Brogialdi,LBrogialdi,False,816,2679,201,1823,53888,2013-05-22 21:28:06,human
1013118357925777409,Liberi e Sicuri,LSicuri,False,30,21,0,2582,2603,2018-06-30 17:53:34,human
741328501094121472,Just me ğŸ’Š,LaRagazzaTomli1,False,242,1014,0,312,2277,2016-06-10 17:57:42,human
1260617916,La Tiger,LaTiger1,False,1766,2320,36,64934,91353,2013-03-11 23:22:20,human
702253149189439488,prettyoldword,LaVolage,False,1188,1438,39,79337,18800,2016-02-23 22:06:12,human
2367002093,áš¾á›á›šášª ğŸ,LookInThyHeart_,False,4583,4286,29,42834,28703,2014-02-26 13:50:49,human
2976226983,Lara Polidori,LaraPolidori,False,532,205,26,84052,87011,2015-01-13 11:50:58,human
561125828,Laura Ganna,Laura_Ganna,False,618,704,2,24668,21958,2012-04-23 13:20:53,bot
494889421,Laura Sensi,Laus264,False,102,388,0,2829,2837,2012-02-17 11:10:37,human
296318811,Cincischiante ğŸğŸŒˆğŸ˜·,LavaBarocca,False,262,441,15,39896,30279,2011-05-10 15:17:49,human
2905469547,Lella,LeCom_,False,911,601,2,14830,25357,2014-12-04 19:45:53,human
1012332423290478593,LefossettediNiall,LefossettediNH,False,70,24,0,1318,1166,2018-06-28 13:50:32,human
55404019,Legambiente Onlus,Legambiente,False,92845,969,743,3732,33331,2009-07-09 23:46:04,human
554630722,Lisa_Vs,Lisa96_Vs,False,765,799,1,5547,24811,2012-04-15 20:45:55,bot
1006016766,monica,LiviMonica,False,712,1320,1,6218,12331,2012-12-12 10:20:59,bot
271466783,ÊŸá´É¢á´€Ê€Éªá´›á´Éªá´„á´ 1.7,LoMassi,False,2763,1075,30,26812,27663,2011-03-24 15:25:29,human
781523989793497088,Loretta,Loretta26212914,False,230,275,0,3716,5668,2016-09-29 16:00:14,bot
2772451794,Loretta LORI,LorettaLORI3,False,681,1147,1,5962,10951,2014-08-27 06:19:28,bot
421858976,Loris,LorisDeluxe,False,1659,3303,14,176982,43275,2011-11-26 13:40:25,human
923265879449759744,Victoria,Victoriatms_,False,68,256,0,6178,1889,2017-10-25 19:11:53,human
951241980859830272,Tommo LIMITED,LouisT_Promo_,False,72,233,1,543,4039,2018-01-10 23:58:56,human
836505264706715649,Laura,Lovely7012,False,876,316,1,26034,21762,2017-02-28 09:16:11,human
972313916578713600,LuanaPirri,LuanaPirri,False,17,15,0,1531,1642,2018-03-10 03:31:17,bot
3825988815,Luca,Luca10adp,False,352,311,0,38747,21511,2015-09-30 17:30:05,human
834243806899867648,Luisa Roma,LuisaRoma4,False,70,115,0,858,3466,2017-02-22 03:29:57,bot
948982405838397441,Lupo Lupo,LupoLupo14,False,42,9,0,2230,3100,2018-01-04 18:20:11,bot
1183194624,MARIA CARMINATI,MARIACARMINATI1,False,264,505,2,9079,11956,2013-02-15 17:05:35,bot
2998556339,marco struttura,MStruttura,False,121,50,0,2189,4755,2015-01-25 20:33:00,bot
503680418,magi mudu,MagiMudu,False,1159,1491,10,23354,61978,2012-02-25 23:07:26,bot
132962832,ğŸ“· Emanuele Bonifacio ğŸ“¸,ManuBoniPH,False,249,639,1,3756,6085,2010-04-14 16:58:57,human
456210073,Marcella Mazzoni,MarcellaGiVi,False,292,456,0,3502,9390,2012-01-06 00:33:07,bot
1268082668,Marcella Melodia,MarcellaMelodia,False,858,1581,23,9320,14727,2013-03-14 21:48:24,human
922839841,marco mameli,MarcoMameli2,False,1547,1530,6,1537,10159,2012-11-03 09:31:41,bot
250624869,Marco Talluto,MarcoTalluto,False,397,403,32,15892,28623,2011-02-11 13:28:45,human
971039774726377474,Marghe,Marghe_Paro,False,34,54,0,21167,3256,2018-03-06 15:08:18,human
595846370,Maria Camillagl,MariaCamillagl,False,586,911,3,8179,15227,2012-05-31 21:34:20,bot
2985794427,Maria Helena,MariaHelena_ts,False,338,611,0,1753,6882,2015-01-19 14:11:39,bot
468385317,Maria Rosa Nicola,MariaNicola2,False,287,145,3,13858,36141,2012-01-19 13:48:37,bot
2949953224,just like Tess,MariaTeresa1002,False,121,322,0,961,1712,2014-12-29 20:18:56,human
761296330903916545,Meryele,Maria_Letizia_,False,743,676,1,23119,11565,2016-08-04 20:22:44,human
1000029438233448448,Mario,Mario10983853,False,10,39,0,504,473,2018-05-25 15:02:52,human
717335652791107584,Mariuccia,Mariucc17684432,False,466,653,0,28964,23147,2016-04-05 12:58:41,human
1006938498811809793,Mari,Marivolainalto,False,179,178,0,4390,2076,2018-06-13 16:37:00,human
524420458,MartaGobatto,MartaGobatto,False,951,1150,2,7462,21662,2012-03-14 14:49:32,bot
1012110155553570816,Niallismyboy,MartiAndNiall1,False,12,14,0,12,432,2018-06-27 23:07:19,bot
1011632355419844608,VOTING FOR 1D,Martinalucconi1,False,17,6,0,26,1414,2018-06-26 15:28:43,bot
548914113,Maria Rossano,Mary_Jack69,False,434,475,1,16531,9230,2012-04-09 00:53:10,bot
963823970507214848,Matteo Arnaboldi,MatteoArnabold1,False,13,56,0,1169,555,2018-02-14 17:15:16,bot
2996584924,Max ğŸº,MaxRossi2015,False,289,410,0,198,2976,2015-01-24 20:53:28,bot
993286910650015744,larry stylinson,Mays1Dmeme,False,114,48,1,571,16247,2018-05-07 00:30:28,human
825402582579412992,Melinda Martino,Melindamarte,False,208,220,0,5,1994,2017-01-28 17:58:05,bot
2996521607,Melyâ™Œ,Melissa1D13,False,37,0,3,5057,18098,2015-01-24 20:40:54,human
2535033852,âˆ†ï½„Ã¸ï½Œï½†ã€€ï¼¨ï½‰ï½ï¼„ï½”ï½…ï½’ ğŸŒˆğŸ¸,MenteObliqua,False,9922,1551,35,35540,31407,2014-05-30 13:07:57,bot
2862813495,â€¢MICKYâ€¢,MiMaresca429,False,59,184,0,1876,1791,2014-11-05 17:10:56,human
942158304725295104,salvo91,MichyannaSalvo,False,0,99,0,26,371,2017-12-16 22:23:39,bot
834889075337400320,â€¢ Amnesia â€¢,MissAmnesia23,False,210,330,0,124,2002,2017-02-23 22:14:01,bot
2919429628,Mitra,Mithra_01,False,147,230,1,5604,13990,2014-12-13 10:35:02,bot
1011334857966931968,softmocxhi,Mochilover2,False,26,6,0,193,4166,2018-06-25 19:46:34,human
1924501530,Monika Landfried,MomiraMonika,False,40105,32769,563,560585,165143,2013-10-01 20:25:30,bot
560604863,Monica Dieci,MonicaDieci,False,790,1665,3,2783,16545,2012-04-22 21:21:29,bot
837197413110722560,i am not,totllynotn,False,0,50,0,1336,2782,2017-03-02 07:06:32,human
3017654309,Maria,MuduPina,False,309,703,0,1940,6796,2015-02-04 14:07:16,bot
1003160464543510528,My Happiness 1Dâ¤,MyHappiness1D1,False,27,53,0,1256,2776,2018-06-03 06:24:27,human
2729708935,HğŸ¦„,MyHappiness1Dhs,False,1411,1883,25,36562,56944,2014-08-13 15:19:57,human
866147862,Katyaâ¤ï¸ğŸŒ¸ğŸ’•,poikilothron,False,14630,8162,169,78820,227768,2012-10-07 11:04:08,human
549384602,Ilaria Neri,Ne_Ilaria,False,439,88,1,3035,4720,2012-04-09 17:09:34,bot
987694134529052672,TEETH | I LOVE 5SOS (backup),cliffordvshor_,False,19,20,0,1,2943,2018-04-21 14:06:46,bot
4839898869,irene,Nene1d2,False,66,219,0,9937,1599,2016-01-23 22:02:57,human
1011913641548009472,Directioner in crisi,NiallIsAnIdiot,False,64,68,0,1207,1241,2018-06-27 10:06:27,human
53002473,NicolÃ² Zuliani,Niebbo,False,5180,358,40,16688,24688,2009-07-02 07:36:33,human
2413775282,Giorgio #facciamorete,Niurant,False,1915,3390,3,4178,5790,2014-03-27 07:02:51,human
3031331457,Noemi ~NenjiğŸ,Noemi929496,False,1468,3916,2,12796,12471,2015-02-11 21:44:37,human
561480213,Noemi Servizio,NoemiServizio,False,1634,1000,27,21282,13200,2012-04-23 19:18:21,human
1301400318,Darwin Zuniga,Nofeartohorses,False,669,337,56,98211,106151,2013-03-25 22:30:47,human
549173992,Maria Lamberti,NonnaMario,False,321,436,1,205,2409,2012-04-09 12:03:46,bot
3102059566,Novella Piazzi,NovellaPiazzi,False,104,4,1,8938,11620,2015-03-21 15:35:35,bot
197284836,Noviolenzasulledonne,Noviolenzadonne,False,2346,1558,9,59091,24157,2010-10-01 02:51:43,human
1050774624,Oscar Giannino,OGiannino,False,338734,1445,1863,536,31818,2012-12-31 17:17:18,human
876795381841100801,Odio tutti con gioia,Odiotuttigioia,False,412,189,2,17111,6883,2017-06-19 13:34:43,bot
1005568886098550785,ONE.D1R3C7ION3R,Oned1r3c7ioner,False,474,558,0,1615,2753,2018-06-09 21:54:39,human
944701467839094784,Luigi,55dogos,False,121,292,0,7481,2751,2017-12-23 22:49:16,bot
3102658995,Otto Passer,OttoPasser,False,42,304,0,4902,1677,2015-03-21 20:20:53,human
2363390223,Samuele Pafumi,PafSamu,False,256,661,17,37636,23005,2014-02-24 18:12:50,human
910893710308724743,PaolettağŸ’› GOOD VIBESğŸŒ¹,Paola232220,False,157,101,0,20407,6603,2017-09-21 15:49:18,human
850371251277352960,romevaticantourguide,PaolaBarbanera,False,539,2186,1,4060,4452,2017-04-07 15:34:40,human
923565203253579776,Paola Bozzetto,PaolaBozzetto,False,19,38,0,2946,2099,2017-10-26 15:01:18,bot
1069206085,Paolo Baldoâ­â­â­â­â­ğŸ‡®ğŸ‡¹,PaoloBaldo3,False,1015,659,41,19802,64840,2013-01-07 21:10:44,human
326826176,Paolo Lagonia,PaoloLagonia,False,212,458,1,14837,16611,2011-06-30 15:11:28,human
968459856,Paolo Prosdocimi,PaoloProsdocimi,False,149,579,11,8690,10587,2012-11-24 17:46:43,human
2950692315,Oriella,PaolorokOri,False,495,892,1,4470,7168,2014-12-30 06:45:48,bot
932243210277130240,Patrizia2285,Patrizia22851,False,44,25,0,3483,3610,2017-11-19 13:44:36,bot
437486455,Patrizia Pellegrini,PatriziaPelleg2,False,331,474,166,857,5064,2011-12-15 13:23:46,human
627733507,patrizianave,Pattynavmeli9,False,258,22,3,5873,8839,2012-07-05 20:57:11,bot
856380782847422464,Pegaso ğŸ‡®ğŸ‡¹,Pegasofree777,False,628,1226,3,22271,30842,2017-04-24 05:34:24,human
3107788774,Vittoria,Pesce98Vittoria,False,290,611,0,1364,5091,2015-03-23 14:51:20,bot
847497841,cica,PiLu975,False,1313,1292,47,53277,117828,2012-09-26 14:20:42,human
412155718,Pietro Grassini,PietroGrassini,False,363,2277,4,5639,4630,2011-11-14 10:08:28,human
136653194,Pep,Pippo968,False,176,344,1,23994,9144,2010-04-24 14:41:09,human
133460400,Max Pellegatta,Pius_XII,False,1867,1799,60,33522,59667,2010-04-15 21:26:28,human
753659579582541824,#1DMITAMProject â™¡ #OneDirectionBestFans,PromotingLouisT,False,248,352,0,9705,6247,2016-07-14 18:37:00,bot
186977143,Stefano Kerberos ğŸŒ¿âœ¨,Queerrilla,False,6156,1182,97,75846,98801,2010-09-04 22:57:07,human
58165167,Guido Ravazzani,RavazzaniGuido,False,654,1790,30,98486,24623,2009-07-19 09:41:06,bot
2984109993,RedSkin,RedsRita,False,233,469,0,2337,5056,2015-01-18 14:30:20,bot
856884030,Renato Pradal ğŸ‡¬ğŸ‡º ğŸ‡®ğŸ‡¹,RenatoPradal,False,287,259,2,50459,14920,2012-10-01 19:24:02,human
299365630,Riccardo Ciacci,RiccardoCiacci,False,1388,3342,34,44072,44869,2011-05-15 23:41:08,human
769392715,Dead Rockstar,RichiMasu,False,5308,567,41,78592,102771,2012-08-20 11:58:04,human
963118390876491776,#RipassoRt ğŸ”™ di LindağŸ“,RipassoRt,False,411,416,1,5609,14994,2018-02-12 18:31:33,bot
990324412841889798,RitaVs,RitaGiasone,False,41,662,0,1342,2144,2018-04-28 20:18:34,bot
422924590,Rita Rossi,RitaRossi6,False,701,998,9,8547,25782,2011-11-27 21:21:30,bot
822162132863160321,RobinHood,Robin_Hood2223,False,242,404,0,1704,3523,2017-01-19 19:21:42,bot
757515891403788288,NightSun,RobyAlpha,False,329,235,4,15778,15839,2016-07-25 10:00:37,human
2264615275,Roberto Masetti,RobyMasetti,False,8355,6369,17,101674,35329,2013-12-27 16:40:41,human
784806259052666880,Rosalba,Rosafio40018873,False,142,140,0,2041,3082,2016-10-08 17:22:47,bot
788038456274522112,Rosamaria,Rosamar70892339,False,165,117,0,2272,3269,2016-10-17 15:26:23,bot
826008852567031808,Rubino Pregiato,RubinoDue,False,270,530,0,2278,3520,2017-01-30 10:07:11,bot
434217283,Stefano Balassone,SBalassone,False,1541,632,29,656,8189,2011-12-11 15:38:11,human
415107191,Salvatore Di Salvo,Salvo1Di,False,641,725,6,11188,8516,2011-11-17 22:30:57,human
969646849228525574,ã‚µãƒ©,jiminieikigai,False,5,16,0,3941,406,2018-03-02 18:53:18,bot
2918732806,Alice,Sardalice2014,False,274,392,0,233,3212,2014-12-12 23:50:22,bot
548764543,SavianaVS,SavianaVS,False,703,723,1,13086,20076,2012-04-08 22:35:07,bot
825700436766314497,Finalmentepiove,Seilamiacanzone,False,316,0,0,224,2652,2017-01-29 13:41:39,bot
1006252077536997377,ğŸ…‚ğŸ„¸ğŸ„¼ğŸ„¾ğŸ„½ğŸ„´,Shadowmere16,False,596,885,2,30219,16674,2018-06-11 19:09:25,human
816718293142740992,Chiara,ShamelessAndGay,False,222,153,2,21524,9998,2017-01-04 18:49:49,human
902535078,Shar ğŸ #GoodVibes,Shar_FedeRossi,False,126,389,0,7771,8545,2012-10-24 20:23:22,human
2920996798,SolaMente,SolaMente_te,False,231,827,1,2069,3317,2014-12-14 05:56:44,bot
396024657,Sonia Poletti,SoniaPoletti1,False,600,836,3,4189,17327,2011-10-22 16:40:23,bot
1064261450,Sergio Stefani,StefaniSer,False,1569,1094,33,40065,64447,2013-01-05 23:21:50,human
504476597,Ste Gallio,Stegallio8,False,136,621,1,11625,3986,2012-02-26 13:01:20,human
825731362179149824,Stella Lucente,Stella_Perlina,False,282,536,0,2506,3925,2017-01-29 15:44:32,bot
826850430185590786,Stella,Stellacdolce,False,184,417,0,574,3589,2017-02-01 17:51:19,bot
2949925353,Barby,SuperPannocchia,False,138,52,0,1735,4910,2014-12-29 20:42:46,bot
2780612193,lucy,FlNELINEHARRY,False,8010,3827,107,100600,232007,2014-09-22 22:37:39,bot
1011923110617116672,TOMMO THE BEST,TOMMOTHEBEST1,False,75,97,0,56,632,2018-06-27 10:44:04,human
422947897,Tangaloa Lazia,TangaloaLazia,False,568,489,3,5249,6997,2011-11-27 21:58:56,bot
1011952811674828800,Â§Ä¯Å‚vÄ¯Ä…,BadGuyEilish_,False,78,120,1,1903,5026,2018-06-27 12:42:06,bot
759150086756589568,Testing MyTestface,TestyMcT3stface,False,7,1,10,790659,942485,2016-07-29 22:14:19,bot
702878730,â™¡,avocadocheri,False,170,36,1,7482,9649,2012-07-18 11:24:56,human
822123492216897540,TheVoice,TheVoiceIsVS,False,139,202,1,7145,6096,2017-01-19 16:48:09,bot
2982486513,Giovanna,TheVoiceVS,False,147,64,0,1839,5382,2015-01-17 13:25:22,bot
4701456854,LoStylesÃˆMioMaritoğŸ‘‘,Ti_Amo_Harry,False,62,93,0,81,881,2016-01-03 08:20:32,human
51703470,Matteo Calgaro,Tigermat,False,74,85,5,4929,8017,2009-06-28 10:56:13,human
804074275376431105,Tina,Tina64884808,False,242,569,0,15280,23361,2016-11-30 21:27:01,bot
2918711542,Valentino,TinoVale23,False,319,413,1,253,3116,2014-12-12 23:35:45,bot
808272326324342785,Sonia Toni ğŸ¦„â™â­,ToniSonia,False,5412,886,27,81896,40201,2016-12-12 11:28:34,human
898599853546242048,Ro',Trasparente_,False,3708,1159,30,30167,8772,2017-08-18 17:37:55,human
2920497934,maledition,Tremendamenteme,False,323,973,1,3788,5918,2014-12-13 22:38:47,bot
358795296,visitLangheMonferratoRoero,visitLMR,False,7048,1473,173,9021,16070,2011-08-20 14:27:45,human
978697024722829312,L'Elfo Ingegnere ğŸ‡®ğŸ‡¹ğŸ‡¬ğŸ‡·ğŸ‡¸ğŸ‡¾ğŸ‡®ğŸ‡· #IdlibLibera,ElfoInformatico,False,543,660,0,56428,11324,2018-03-27 18:15:28,human
1012147848496869376,VOTE  1D,VOTE1D35666206,False,6,12,0,76,1777,2018-06-28 01:37:06,bot
1011940333389836288,VOTE 1D,VOTE1D95275281,False,4,0,0,0,287,2018-06-27 11:52:31,bot
897538992345927680,Valentina,Vale_CaraVs,False,100,121,0,11223,3137,2017-08-15 19:22:26,bot
979117618295656450,Valentina,Valenti38361807,False,60,1091,0,2020,1099,2018-03-28 22:06:46,bot
995292937662664704,Valentina  e' Universale,Valentinaserot4,False,16,31,0,437,555,2018-05-12 13:21:42,human
2672479163,ROSARIA VALERIO,ValerioRosaria,False,82,108,0,12897,4766,2014-07-04 16:39:40,human
785397318,Caribeno,ValterRimini,False,3110,4960,37,8061,47489,2012-08-27 20:20:24,human
518642028,Veronica Filia,VeronicaFilia,False,145,139,3,8040,6850,2012-03-08 16:22:38,bot
135547288,Vincenzo Maielli ğŸºâ—»ï¸â—¼ï¸ğŸº,VinceMaielli,False,1172,1122,10,22771,68137,2010-04-21 16:15:08,human
873916630828494848,movimento Sociale italiano,Vincenz72741158,False,2511,4162,3,9196,5839,2017-06-11 14:55:36,bot
2985880540,Viola Rossa,Viola_rossa3,False,260,242,3,200,27846,2015-01-19 14:24:12,bot
193317159,Vito Salvo,Vito_Salvo,False,170,484,3,5815,2567,2010-09-21 14:44:51,human
979783776489353216,Vivian74,Vivian7412,False,889,906,8,9593,7954,2018-03-30 18:13:50,human
1012295892718751747,ğ”“ğ”ğ”«ğ”¡ğ”¬ğ”©ğ”£ğ”¬_ğ”©ğ”¬ğ”³ğ”¢ğ”°_â„‘ğ” ğ”ğ”¯ğ”²ğ”°_ğ”£ğ”ğ”©ğ”©ğ”°,Pandolfo_lover,False,49,32,0,1991,3599,2018-06-28 11:25:23,human
1012294396526710784,Vote1D,Vote1D70522235,False,18,15,0,12,94,2018-06-28 11:19:26,human
2767540864,Music is life,WendyJacker2000,False,437,564,0,267,4112,2014-09-11 22:04:59,human
25851958,Fabio F. C.,Yattaran,False,1385,409,29,17797,53355,2009-03-22 18:06:59,human
825436422609969152,Zaffiro Blu,ZaffiroBlu3,False,284,552,0,2529,3918,2017-01-28 20:12:33,bot
831161868614004741,ZiaGuerriera,ZiaGuerriera,False,296,661,0,12073,14175,2017-02-13 15:23:26,bot
202339780,Perla  Lazia,ZiaPerla,False,565,763,0,4673,9668,2010-10-13 20:48:16,bot
438798142,ZioCiccio,ZzuCicciu,False,928,851,24,33881,62997,2011-12-17 01:25:19,human
1064122518,ğŸŒ¸herondaleâ°â—ŸÌ½â—Ì½,_1djrection_,False,3383,4309,6,17075,55264,2013-01-05 22:14:34,human
835202996585787392,Camilla Fiore,_CamillaFio,False,82,65,0,600,3614,2017-02-24 19:01:26,bot
994684151046524928,Harry_1D,Harry1D_4,False,134,121,1,3388,5106,2018-05-10 21:02:36,human
4297819397,â€¢you are my herosâ€¢,_Meelaanie_1D_,False,1070,1203,11,55582,54995,2015-11-27 16:09:47,human
703315728766730240,_Serendipity,_Sara_Ciancio,False,726,1839,2,19676,10704,2016-02-26 20:28:31,human
302125749,Spiderlily,__Spiderlily__,False,607,380,10,59256,59210,2011-05-20 16:58:54,bot
184810052,Live in Blu,___andremauro__,False,1985,1252,14,63498,18543,2010-08-30 14:56:30,bot
165051584,diana,_diana87,False,2815,2005,55,4442,133147,2010-07-10 13:12:45,human
3035505075,ele,__jemenfous__,False,917,758,21,65348,53377,2015-02-13 22:03:37,bot
3489637217,V,_Vylmax,False,236,396,1,31714,10213,2015-08-30 09:29:00,bot
893090869,giulsğŸ·,_harrysmjle_,False,4451,4322,9,4694,106641,2012-10-20 11:51:01,bot
940196016409731072,ğŸ‘½ALE$$IAğŸ‘½,_ifellinlove1D_,False,353,1891,0,5887,4423,2017-12-11 12:26:13,human
823299348331134976,c ğŸ˜”ğŸ¤ª,_lovelyqian,False,175,134,2,13517,47326,2017-01-22 22:40:35,human
811246201794338818,Marts ; Good Vibes âœ¨â£ï¸,_marts_its_here,False,291,249,1,27413,9892,2016-12-20 16:25:41,human
3304132186,Emilia Marongiu,a7042237ab0f466,False,375,609,0,14218,24036,2015-05-30 21:12:25,bot
45394510,Alessandro Margiotta,a_margiotta,False,1131,2485,25,8072,14510,2009-06-07 18:41:15,human
502749635,ada torelli bernardi,adatorelli,False,393,405,11,81489,21546,2012-02-25 09:26:25,human
2962604531,Blaise torino,ae6b1d98c461462,False,233,885,7,19762,9722,2015-01-05 19:49:46,human
2237617592,alexa,alexa1163,False,8893,2372,97,52827,44332,2013-12-09 13:06:18,human
822108222353981442,Allina1712,allina1712,False,93,189,0,3920,4629,2017-01-19 15:47:29,bot
2983905783,ally lardo,allylardo,False,264,352,1,616,4553,2015-01-18 11:27:05,bot
1000463684945240064,Mildly Obsessed w/ 1D,an1Daddiction,False,201,194,0,4538,6188,2018-05-26 19:48:24,human
615539623,Quar-ğ™–ğ™£ğ™™ğ™§ğ™šğ™–,leclerckkonenn7,False,2577,917,64,34199,184049,2012-06-22 21:18:02,human
827628152411262976,Andrea Sorato,andrea_sorato,False,236,98,13,10971,4730,2017-02-03 21:21:42,bot
922835518756474880,andrea71,InterForEver71,False,193,202,0,31253,9422,2017-10-24 14:41:47,human
442096443,andrea romano,andrearomano36,False,181,827,0,6338,2421,2011-12-20 19:02:57,human
1886073978,angelstrange,angelstrange200,False,260,438,2,727,7401,2013-09-20 10:32:58,bot
840241477,bubusettete,annalisabi76,False,1685,376,26,22331,66502,2012-09-22 18:36:29,human
3223929605,Giulietta,TornareAcasa,False,329,628,7,27407,44882,2015-04-30 08:59:09,human
3031628369,annamariams,annamariams75,False,31,71,0,174,1982,2015-02-12 00:01:09,bot
2591240449,annarosa,annarosa701,False,318,235,1,6526,23505,2014-06-27 11:25:16,bot
2918679371,Simona Ronchi,anomis_anomis70,False,557,439,0,6423,11873,2014-12-12 23:37:44,bot
548707617,Antonella Curcuruto,antonellautopia,False,581,496,3,3125,33707,2012-04-08 18:32:25,bot
2919471316,Ariacolorata,ariacolorata2,False,460,883,2,148,7644,2014-12-13 11:10:39,bot
945431358,@apartetae backup,ultaejoon,False,2929,309,6,16501,18387,2012-11-13 08:59:31,human
761487243353743360,Asia,asia2998,False,1038,634,1,24461,11387,2016-08-05 09:01:21,human
2984398203,aurora pani,aurorapani,False,293,420,1,707,4706,2015-01-18 18:23:40,bot
276026459,Dory Deglielfi #FateciVotare,avatar1dory,False,1848,1913,32,48522,58972,2011-04-02 14:03:48,human
2181109997,Paolo,b_baolo,False,2592,777,24,71266,57288,2013-11-14 19:56:56,human
824224632467312642,.,babymalik_lh,False,44,119,0,564,547,2017-01-25 11:57:20,bot
4548516682,barbaruccia,barbaruccia2,False,295,546,0,2987,4097,2015-12-20 17:41:30,bot
617000584,gerry fuckin' hell ğŸ‡¨ğŸ‡¦,bastardo42,False,335,636,11,58809,45550,2012-06-24 10:32:14,human
2617299705,"v;,",bbenzoval,False,596,413,2,6740,8107,2014-06-17 13:32:48,human
2764705943,oblivion,beauty0fsilence,False,184,136,0,432,5829,2014-09-08 12:11:01,bot
765296964401557505,Elena ğŸ³ï¸â€ğŸŒˆ,benilmiosorriso,False,1106,68,27,18857,43040,2016-08-15 21:19:49,bot
4149019083,benji & fede my life,benjifede_love,False,198,223,1,8687,6394,2015-11-09 12:27:59,bot
1013753576,Betta Andrioli,betta_andrioli,False,1023,117,73,18379,60765,2012-12-15 18:57:37,human
3419845179,"Â¸,Ã¸Â¤ÊÂºÂ°`Â°ÂºÈÂ¤Ã¸,Â¸Â¸,Ã¸Ê…Â¤ÂºÂ°",blu3n1ghtw0lf,False,318,733,1,15197,7801,2015-08-13 10:44:06,bot
922163333612089346,Ø˜,swiftenrose,False,190,1,0,40,27,2017-10-22 18:10:46,bot
1004423026027520001,rosss,cararosss,False,555,626,4,41189,11975,2018-06-06 18:01:25,human
22009205,orlando,ceranto,False,2188,3819,72,116748,177146,2009-02-26 13:42:48,human
617171996,â‚«Î¸Ğ›Î¾â‚¦ÏŠâ‚µÎ¸,cercinico,False,132,230,1,63,6529,2012-06-24 14:35:33,human
2982584363,Sara Caccia,chicchiola,False,170,50,0,928,1920,2015-01-17 14:26:25,bot
825717413689835521,Ciarly,ciarly7498,False,225,510,0,1725,2801,2017-01-29 14:49:07,bot
4908982317,CiFra73,cifra73,False,548,579,6,46854,41791,2016-02-14 13:31:57,human
2984381056,cinzia,cinziagenziana,False,184,138,0,2391,5177,2015-01-18 17:20:59,bot
2350026720,Anna,circeanna,False,20457,4611,405,194553,143401,2014-02-18 12:17:43,bot
2158759025,Rosa Citro,citro_rosa,False,559,798,3,10078,26672,2013-10-29 15:39:28,bot
2983182773,claspa62,claspa62,False,236,234,2,74,12931,2015-01-17 22:04:56,bot
201197015,claudia pulli,claudiamamy,False,919,910,3,11311,31786,2010-10-11 09:30:44,bot
3346645053,claudia fulco,claudyfulco,False,214,182,0,559,4079,2015-06-26 16:43:24,bot
517747193,Andrea Cocco ğŸ´ó §ó ¢ó ¥ó ®ó §ó ¿,coccio2001,False,261,978,19,1877,9242,2012-03-07 16:41:05,human
1005143728070250496,C (selling my dms),conchotrade,False,10,1,1,16,397,2018-06-08 17:45:14,bot
32604352,Coupon Genie,coupongenie,False,2013,112,1534,1,178144,2009-04-17 21:40:19,bot
911914830793240577,ÉnÄ±Ê‡sÄ±É¹É”,sebbstrudel,False,198,206,3,39585,1732,2017-09-24 11:26:53,human
561948464,Daniela Di Stefano,dani89vs,False,800,678,0,11179,10512,2012-04-24 11:39:29,bot
202588307,Danysca,danysca22,False,753,1004,3,4968,19392,2010-10-14 11:31:49,bot
162672772,Barbara Tanzi,darkangel78,False,1054,2146,7,9951,19387,2010-07-04 10:39:02,bot
2864751126,Touscoss #glizombie,davideberg68,False,135,137,1,543,1992,2014-10-19 11:37:29,human
2240552686,LUIGI GALATIOTO,dentista46,False,348,676,2,4166,9807,2013-12-23 22:14:02,human
1092509449,Lu,loubrndl,False,282,236,1,36929,7095,2013-01-15 16:04:14,human
50265477,Il Bayardo,desimonem,False,301,1447,7,12063,10677,2009-06-24 09:54:03,human
407609289,Francesco,diazepam1g,False,5694,830,45,59627,65823,2011-11-08 09:08:34,human
4490976615,PerugiaSostenibile,domusperusia,False,187,1250,8,5515,6131,2015-12-15 10:27:25,human
831131341253124096,Dora Momi,dora_momi,False,95,55,0,911,4018,2017-02-13 13:22:08,bot
4580699608,Fiorella Simonazzi,dorigoalessia1,False,251,200,1,1820,11678,2015-12-23 17:28:45,bot
20432064,Tommaso Ederoclite,ederoclite,False,13518,2093,150,14903,28908,2009-02-09 12:37:22,human
1718499800,â™¥ï¸â™£ï¸ê„êŒ…ê²ê‹Šê€¯êˆ¼êŒšê€¯ê‚¦â™ ï¸â™¦ï¸,Francesco_858,False,591,606,1,68554,38966,2013-09-01 09:45:20,human
1379007452,louis called me love. â—ŸÌ½â—Ì½,ehiRicardo,False,8112,4120,51,113108,85974,2013-04-25 08:50:04,human
3121352247,â™‘ï¸,marmelIata,False,1884,795,31,74530,82461,2015-03-27 14:10:32,human
327894673,elena2613,elena2613,False,405,682,0,1089,12145,2011-07-02 10:26:33,bot
501989361,Daniah Lelluche,elettraeggar,False,377,87,3,4977,24830,2012-02-24 17:55:33,bot
202361176,elisa gigarda,eligigarda,False,477,872,0,85,4921,2010-10-13 21:49:00,bot
3002946545,Beba606,eliptz66,False,106,143,0,7188,5940,2015-01-28 10:28:51,bot
549375513,elisabetta delogu,elisabettadelog,False,869,1121,16,19613,58101,2012-04-09 14:58:39,bot
3017805851,elisabetta raggio,elisabettaragg1,False,183,129,0,2263,4874,2015-02-04 15:10:04,bot
1857099379,Rafeli,eluu_eei,False,710,1276,17,42259,32012,2013-09-12 11:09:10,human
4636530203,emanuela,emanuela635,False,372,678,3,3092,4420,2015-12-28 22:05:15,bot
2949998247,Emilia,emiliasal46,False,334,535,0,5787,8063,2014-12-29 21:26:54,bot
82659565,Mauro Meazza,emmemea,False,6476,511,125,4189,10256,2009-10-15 16:52:52,bot
4549685356,Enzarella,enzarella2,False,356,0,2,3246,4934,2015-12-20 20:16:20,bot
2853761597,Epic Fail,epicfaildrone,False,2706,1,782,0,144480,2014-10-31 20:33:00,bot
337161893,ğŸ…´ğŸ†‚ğŸ†‚ğŸ…´ğŸ†‡ğŸ…´ğŸ…»ğŸ…»ğŸ…´,essexelle,False,5173,1437,47,50378,118196,2011-07-17 15:22:40,human
596665906,YazÄ«d,faberskj,False,2725,1386,46,134946,118070,2012-06-01 17:52:07,human
2432948813,Ramasse'...io e basta....,fabioferrero71,False,562,158,43,41048,81276,2014-03-24 09:24:14,human
740647957091999744,rossonifabio,fabrossoni4,False,179,2025,0,10802,1185,2016-06-08 20:53:28,bot
38846888,Fab,faornano,False,362,770,48,7207,29833,2009-05-09 12:47:26,human
2921357452,federicoinfa,federicoinfa,False,163,83,0,2202,4890,2014-12-14 12:45:07,bot
971721103,luca soldaini,fefinus,False,271,181,25,11867,10892,2012-11-26 10:30:53,bot
2921287407,filippotrav,filippotrav,False,148,75,0,2186,4793,2014-12-14 12:39:44,bot
484162494,flavia bettini,flaviabettini,False,305,414,5,7554,8801,2012-02-05 20:07:22,bot
978899289861754880,Ermengarda (a detta di un amico),Flelma171029,False,2022,491,3,50209,34894,2018-03-28 07:39:12,human
455749051,Lunatila Lovegood ğŸ’›ğŸ–¤,etoiIhes,False,10371,3604,376,49031,221279,2012-01-05 13:31:05,human
2396162744,Floriana De Michele,florianademiche,False,5295,5231,46,43386,43643,2014-03-18 12:48:42,human
2547012645,Francesco Patea,fpatea84,False,95,307,0,7280,4378,2014-05-14 09:10:25,human
390778324,Fran,fran_rkid,False,687,2818,12,62658,36298,2011-10-14 14:55:41,human
3182660278,rosalia,francorosaria13,False,66,0,0,5610,11386,2015-04-19 10:03:06,bot
438646069,GaÃ«lle Courtens,gaelle14juillet,False,1863,2260,87,16588,26841,2011-12-16 21:02:38,human
2153829339,La Zecca Garbugli,garbugli_la,False,1955,1892,35,22831,44854,2013-10-26 05:44:27,human
3098888799,Il Marchese,gasperino75,False,128,237,1,48485,23195,2015-03-20 10:38:32,human
360046793,Franca Scianca â¤ï¸ğŸ’ƒğŸ¼ğŸ‘ ğŸ§£ğŸŒ¹ğŸŒ,gattineri123,False,368,1162,1,13960,5201,2011-08-22 16:09:17,human
14871003,Giovanni B. Gallus,gbgallus,False,2592,1372,164,7207,10791,2008-05-22 17:38:28,human
735822179783303169,Giovanni Brugnoli,gbrugnoli70,False,556,418,2,1186,1484,2016-05-26 13:17:33,bot
449038596,gemma antonello,gemmaantonello,False,465,392,6,3794,21262,2011-12-28 17:28:40,bot
2580731380,Cappellaia Matta,geomagalunare,False,67,209,3,687,2788,2014-06-03 16:03:10,bot
4636335555,gessica,gessica_bravi,False,355,0,1,3271,4403,2015-12-28 21:46:14,bot
1153738128,nicolÃ² patti,ggarigli,False,557,2708,0,5436,4855,2013-02-06 11:30:36,bot
506048809,gianmarco esposito,gianmarcoespos2,False,126,462,0,114,1793,2012-02-27 16:12:30,human
2919964222,Topolina,giannalecca1,False,454,821,3,2838,11503,2014-12-13 17:00:13,bot
4189019849,ğ†ğˆğ€ğğğˆ ç‘ æ™ºäºœğŸ‡®ğŸ‡¹ğŸ‡¬ğŸ‡·#IStandWithGreece,giogio_al_cubo,False,994,1577,8,28749,22103,2015-11-14 20:55:18,human
3315099276,Giorgio,giorgiocupelli,False,139,186,25,9189,9036,2015-08-14 15:03:22,bot
823274532035264517,Giulia Capri,giuliac22,False,120,162,0,2883,30074,2017-01-22 21:01:58,human
4874146875,giorgia,giunta2016,False,398,795,1,3153,4468,2016-02-03 15:45:21,bot
2862202113,â€¢ğ‘”ğ’¾ğ“ŠğŸ¦„â€¢,giusychiacchio,False,187,72,0,51007,4118,2014-11-05 10:33:29,human
822202598526623744,Greece OutsideInIt,goi_ita,False,7,0,1,0,1298,2017-01-19 22:02:30,human
4445949435,ğ’®ğ’½â„¯ ğ’¾ğ“ˆ ğ“‰ğ’½â„¯ ğ’®ğ“Šğ“ƒ,guestofworld_,False,189,214,2,3161,18093,2015-12-11 07:20:05,human
992839373405093888,seyversğŸˆ,jmejmg,False,1467,2710,0,850,5168,2018-05-05 18:52:07,bot
4030954341,zuli saw NH&HS â—ŸÌ½â—Ì½,heavenloueyes,False,268,265,0,11263,13130,2015-10-24 10:50:07,human
1012085786043453440,hhh,hhh72707545,False,1,12,0,49,189,2018-06-27 21:30:29,human
148803815,Riccardo Rossetti,holdon80,False,471,1449,7,12761,7923,2010-05-27 16:58:43,human
477014834,Una Stalker,hope_2419,False,12131,13119,35,46482,89757,2012-01-28 18:56:52,human
785477139235741696,astro (nz),aliengod1313,False,750,1078,1,103234,44235,2016-10-10 13:48:38,human
3072516610,Marco Ianna 63,ianna63,False,169,109,9,36701,12895,2015-03-05 14:20:05,human
2984643466,issafreefollow,iitsclarry,False,136,189,0,29,291,2015-01-18 20:30:32,bot
340600489,Marco Ghiazza,il_giga,False,35,70,9,3976,5811,2011-07-22 23:42:57,human
393483438,Bolly,ilbolly,False,1233,428,37,25865,46505,2011-10-18 16:12:28,bot
2455009450,Pasquale Improta,improta71,False,91,202,3,1940,2162,2014-04-02 13:23:45,bot
2870733197,sarağŸ’,indybalasarms,False,177,154,1,10713,10694,2014-11-10 15:45:31,human
822200874,Paola,insomniac39012,False,308,302,28,22562,35382,2012-09-13 21:23:00,human
2983016661,the prince,io_principe,False,238,148,0,1546,3620,2015-01-17 20:16:21,bot
989188674452639744,ğ’–ğ’ğ’Šğ’—ğ’†ğ’“ğ’”ğ’‚ğ’ğ’†,sunriserossi,False,686,835,2,1147,2134,2018-04-25 17:05:32,human
895869750,$ara,akobsara,False,8005,5126,151,85255,135783,2012-10-21 18:17:55,human
825397260032811012,Isola,isolafelice21,False,158,265,0,1190,1664,2017-01-28 17:36:56,bot
949059133893853186,meila,itsfakefaccv,False,19,34,0,190,2374,2018-01-04 23:25:05,bot
825028579767390208,ladi,ladyna14,False,87,68,0,1096,4159,2017-01-27 17:11:56,bot
999977095106367488,ceo of ceos,withluvanna,False,62,115,0,1729,897,2018-05-25 11:34:52,human
559917335,Laura Nizzolini,launizzo,False,523,979,1,94,20780,2012-04-21 22:59:17,bot
4549605137,Marco Orsi,leone150872,False,747,1257,18,17919,33514,2015-12-20 20:14:22,human
771685684738482176,ghost girlğŸŒ™,danyelaciriaco,False,529,276,1,15250,15637,2016-09-02 12:26:19,human
442144847,lilli alfiero,lillialf,False,228,511,0,6785,2012,2011-12-20 20:07:22,human
801152682702622720,Lino,limar1964,False,97,552,0,18561,6219,2016-11-22 19:57:39,human
1048754004,linda scanona,lindascanona,False,704,0,1,2686,27698,2012-12-30 20:36:06,bot
2781237202,lino ğŸ‡®ğŸ‡¹,linosegna,False,98,219,16,375,9940,2014-09-23 12:57:46,human
2921277910,lisettacasato,lisettaliz,False,166,94,0,2146,4729,2014-12-14 11:30:00,bot
2982498327,Maddalena,lontano2009,False,387,849,1,103,6585,2015-01-17 13:37:14,bot
831961066313773058,lorellacan,lorellacan,False,189,489,0,2140,3451,2017-02-15 20:19:10,bot
891652563795181573,lorenğŸ’«,kiwisfreak,False,56,75,0,41,2385,2017-07-30 13:31:52,human
70741097,Luciano Lorenzelli,lorenzlu,False,599,648,6,50071,15855,2009-09-01 17:55:00,human
2929725533,Loretta 22,lorettalo22,False,461,840,0,4192,5928,2014-12-18 15:55:58,bot
3042097091,Loretta lori,lorettarag,False,493,1062,0,4689,7284,2015-02-17 08:16:58,bot
2950152521,lorilori,loririlolo,False,528,979,3,4362,7527,2014-12-29 22:41:23,bot
2771208186,Loretta Rubin,lory_rubin,False,110,66,1,202,2864,2014-08-26 21:04:35,bot
974977485183037441,Lucio,luciolavezza,False,39,157,0,305,1170,2018-03-17 11:55:21,bot
831859384695287808,Lucy,lucy011307,False,164,198,0,23633,23944,2017-02-15 13:35:07,bot
808773963023286273,ğ˜­ğ˜¶ğ˜´ğ˜ªğ˜¦ â·,dorothyepilogue,False,71,69,1,11423,334,2016-12-13 20:41:53,bot
1481404124,Luigi Cogorno #facciamorete #StatiUnitidEuropa,luigic64,False,688,808,4,22983,16728,2013-06-04 05:06:23,human
3030965421,Sardadoc,magitotano,False,303,603,0,1427,5097,2015-02-11 18:57:54,bot
1216009520,Michele Magno,magnomiche,False,2088,1739,10,72116,21245,2013-02-24 16:58:37,human
271012954,Giulietta Lorenzini,mammagiulietta,False,93,224,0,10965,3568,2011-03-23 17:52:45,human
233223130,Raffaella Bergomi,mammaraffy,False,1239,1806,18,14595,45434,2011-01-02 17:14:29,bot
562092002,Manolita,manola_piredda,False,634,459,4,2091,14226,2012-04-24 15:02:49,bot
962445055,Marco Neri,marcolinoneri,False,88,67,0,1607,2185,2012-11-21 13:51:13,bot
2951460352,margotcheri,margotcheri,False,261,0,0,4020,6182,2014-12-30 16:43:27,bot
1009719238616145920,maricos,maricos7,False,24,104,0,238,689,2018-06-21 08:46:40,bot
265347584,á´á´€Ê€Éªá´€É´É´á´€âœ¨,ismeneiram_,False,476,438,1,101432,21001,2011-03-13 11:53:57,human
561474634,marinellaz,marinellazanine,False,152,7,2,13734,23616,2012-04-23 21:12:29,bot
344159343,Mira,marosa259,False,344,393,2,6376,13558,2011-07-28 16:45:58,human
357063589,Massimo Sideri,massimosideri,True,12933,931,439,7237,11863,2011-08-17 19:55:06,human
2949963189,Mielosa,mielosa69,False,338,480,1,5776,7695,2014-12-29 21:05:34,bot
825987115662065664,MigliaVS,migliavs,False,330,562,1,13647,24286,2017-01-30 08:40:49,bot
989081978,mimi,mimi_t123,False,276,299,5,5421,28614,2012-12-04 16:19:57,bot
3028624132,Isolana,mimmapolpo,False,279,510,0,1592,5389,2015-02-10 19:07:19,bot
2982479962,Miranda,mirandamossi,False,195,206,0,18,2104,2015-01-17 12:01:31,bot
2982464944,Mirtilla Marino ,mirtillamarino,False,203,208,0,18,2039,2015-01-17 11:44:31,bot
262893816,melÃ¬,missingsmth,False,767,641,3,44657,19129,2011-03-08 23:57:14,human
2998582175,fata morgana,morgabar,False,373,751,2,1653,12844,2015-01-25 20:47:28,bot
781179765843750912,Annalisa,nalitinelli,False,53,120,0,2434,3671,2016-09-28 17:12:24,human
2982573165,Paola Cacciari,nichilu,False,150,46,0,998,2119,2015-01-17 14:48:27,bot
2365823596,eddina ğŸ‡¬ğŸ‡§ #goM49go,nonnagri,False,569,419,0,31897,14533,2014-02-25 22:34:08,human
2806416940,novellapiazzi,novellapiazzi1,False,103,25,1,6060,11304,2014-10-04 23:03:27,bot
280175586,nunzia penelope,nunziapenelope,False,14883,2129,222,39718,64825,2011-04-10 20:06:18,human
96738439,Paolo Marchi,oloapmarchi,False,17164,3755,215,7861,21027,2009-12-14 10:46:37,human
2267806358,Roberto,ottogattotto,False,12475,3423,66,115751,112973,2013-12-29 19:26:22,human
3337054126,SONJA,paciocia88,False,1390,256,5,23185,11823,2015-06-20 14:38:19,human
825410712281501698,Pannocchietto,pannocchietto2,False,123,134,0,988,1226,2017-01-28 18:30:24,bot
3873877475,Paola Golfetto,paolagolfetto,False,21,47,0,212,11745,2015-10-05 19:42:21,human
422025735,Paola Mietto,paolamietto,False,146,464,0,3069,1979,2011-11-26 18:12:57,human
500980523,tâˆ†t|Ï€âˆ†.Â®,paola_pp77,False,374,733,2,22377,4744,2012-02-23 17:30:09,human
17880873,Paolo,paoloross,False,447,718,7,45025,13658,2008-12-04 22:00:56,human
831862062833876993,64levi,paopia64,False,188,251,0,20569,20576,2017-02-15 13:45:45,bot
726755736236253184,anna.,papersouls_,False,131,156,3,12271,11838,2016-05-01 12:50:44,human
1028654280,Patrizia Saladini,pasala15,False,105,275,4,1053,6163,2012-12-22 14:59:44,human
961661021017518086,Patrizia_Bene,patri_well,False,34,66,0,2960,2569,2018-02-08 18:00:28,bot
3022357312,patatavis,pattavis,False,218,278,0,2303,3459,2015-02-06 22:33:59,bot
816242626332598272,PazzeperiClario,pazzepericlario,False,40,139,0,1046,1751,2017-01-03 11:19:42,bot
1226915408,pier mario oddone,piermario_odd,False,405,721,0,5055,18785,2013-02-28 06:57:43,bot
2754471474,Rondine,pinella69,False,366,507,0,5440,7321,2014-08-22 10:01:28,bot
832998854828113920,RitaReds,pippo0302,False,233,455,0,1801,4031,2017-02-18 17:02:58,bot
825979861659443201,EmyPiras,pirasemy,False,384,555,0,12446,21398,2017-01-30 08:11:59,bot
601660948,Don Zauker,piricoddi,False,1195,341,3,90489,52513,2012-06-07 07:44:35,human
2950711839,pittore1960,pittore1960,False,407,851,0,4134,5845,2014-12-30 07:09:34,bot
2919407973,Polveredistelle,polveredistell7,False,435,771,1,123,6394,2014-12-13 11:13:24,bot
1086915288,carla preto martini,preto_carla,False,58,11,0,1780,8643,2013-01-13 18:55:11,bot
526391347,raffa,raffa_brigante,False,525,422,0,1849,10477,2012-03-16 13:23:31,bot
825460743445286913,Ranzoniana,ranzoniana1,False,338,755,0,42,2742,2017-01-28 21:49:12,bot
2452764372,Marina,rarimani,False,177,370,22,32,13861,2014-04-19 08:08:16,human
606575726,jon jovi,rbgiova,False,48,452,0,8128,3145,2012-06-12 19:34:24,human
979754063935000576,Ilaria Fischer,babyblueperson,False,106,157,0,2996,822,2018-03-30 16:15:46,human
4798069173,Francesca,righettifrance1,False,414,812,0,3431,5073,2016-01-13 22:08:47,bot
796687702141845504,Robo Advisory Watch,roboadvisoryw,False,360,194,295,12,13188,2016-11-10 12:15:24,bot
825718832484474880,Romeo1571,romeo1571,False,212,340,0,1836,3608,2017-01-29 14:54:45,bot
784803897483358208,Rosy,rosa6644,False,154,164,0,2277,3487,2016-10-08 17:13:24,bot
2984510759,Rossana,rosafiore13,False,240,189,0,4376,10433,2015-01-18 19:21:14,bot
160179878,Mente Cle,roscoffo,False,487,2465,3,665,6043,2010-06-27 12:13:43,human
3020402578,roxiscar,roxiscar,False,269,202,0,1607,12992,2015-02-05 19:38:12,bot
242327193,#Sacchetico legalitÃ ,sacchetico,False,1568,1541,59,2186,5953,2011-01-24 14:36:17,human
431089246,Gianluca Santilli   ğŸ‡ªğŸ‡º#facciamorete,santilligia,False,2706,2956,47,7030,15130,2011-12-07 22:21:57,human
2336493886,Santone âœ¨ğŸŒ™,santone1973,False,877,761,64,31986,26747,2014-02-10 21:35:37,human
1428293736,sb728ğŸ‡®ğŸ‡¹,sb_728,False,614,489,4,26420,32613,2013-05-14 16:52:00,human
4046597542,LaurağŸ“›,secesecs,False,1826,4964,9,74395,31811,2015-10-26 13:50:05,human
3245545312,Simona,simona83imperia,False,305,530,1,4010,12756,2015-05-10 22:30:30,bot
1011936924125327361,VOTE 1D VOTE OUR BOYS,since2010lovs,False,25,89,0,40,398,2018-06-27 11:38:58,bot
460216069,sonia,so69ny,False,592,1413,0,6721,8173,2012-01-10 14:25:46,human
727469564901076992,Sonia,sonia_ariu,False,86,182,25,7344,6486,2016-05-03 12:07:14,bot
3021446434,Determinata,sonoacido1,False,310,567,0,1894,6032,2015-02-06 12:46:14,bot
4358227817,Andrea Venuto,sorciusbarbutus,False,30,121,3,3630,3454,2015-12-03 05:46:42,bot
2920280901,sorriso blu,sorriso_blu,False,274,179,0,1641,4014,2014-12-13 21:01:37,bot
1446141966,Paola Spano â­ï¸â­ï¸â­ï¸7,spano81,False,4809,1401,44,208081,161535,2013-05-21 11:56:46,human
2306559009,stefania massimi,stefaniamassim2,False,303,279,8,2026,6470,2014-01-26 22:17:08,human
633548507,Lori,stellacadente60,False,820,1603,4,8451,21752,2012-07-12 07:39:16,bot
2732253563,ğ“¼ğ“¸ğ“¯ğ“²ğ“»ğ“²ğ“·ğ“¼ğŸˆ,sunlaughxz,False,446,561,2,35422,12855,2014-08-03 07:46:08,human
205354640,Sandra ğŸ‡ªğŸ‡º,ticchiolina,False,1077,1461,33,1418,33104,2010-10-20 17:53:38,human
2983904932,tiziana fulco,tizianafu,False,262,346,1,609,4495,2015-01-18 09:58:56,bot
2982567281,Margherita Monte,topaccia,False,200,88,1,1304,2821,2015-01-17 14:12:39,bot
3042187528,torriana,torrianas,False,461,824,3,3710,5499,2015-02-17 09:00:11,bot
3228649563,vir,trashades,False,647,1837,7,12719,37325,2015-05-02 17:54:35,human
4782660614,TrattoMale ğŸ—£,trattomale,False,6480,856,46,95452,64727,2016-01-19 10:49:36,human
438476133,Pazia3,trepazia,False,670,1016,10,16181,22125,2011-12-16 16:46:00,human
363938347,UDC Andrano (LE),udcandrano,False,437,373,6,15714,23089,2011-08-28 23:17:05,human
2951285517,ulitop,ulitop,False,313,531,1,4533,8182,2014-12-30 15:40:04,bot
1005103898556760064,unfakingnews,unfakingnews,False,419,78,24,100,74448,2018-06-08 15:06:58,human
704993843293331456,UXD ğŸ›,unidosxdali,False,2197,77,4,25515,18460,2016-03-02 11:36:45,bot
965638639345655809,RedBird #Antifascista #SilviaLibera,vaccarellimann1,False,388,459,0,6552,4747,2018-02-19 17:26:07,human
3027927352,valentinavalen,vale20152,False,488,1061,5,4217,6046,2015-02-10 09:27:36,bot
2984400682,valentina30,valedisco,False,173,93,0,2290,5001,2015-01-18 17:34:46,bot
422699535,valentina moscon,valentinamoscon,False,236,142,0,4910,6726,2011-11-27 15:43:39,bot
923484261885374464,ValeğŸ’˜ GoodVibesğŸ’«,federjcoart,False,293,351,2,5361,3397,2017-10-26 09:39:40,human
832346968101888002,vasivas,vasivas3,False,149,300,0,1999,2997,2017-02-16 21:52:36,bot
363954532,Federica M. Cataldo,venus_in_furia,False,216,286,8,2163,6618,2011-08-28 23:56:00,human
3173307514,Cassandra ğŸ”®,vuotodaria,False,45,101,1,3481,1081,2015-04-16 16:23:59,human
251194177,I genuinely think.âš“,wasitjustalie,False,2132,1088,12,125928,127180,2011-02-12 16:48:54,bot
1056095060,alesssğŸŒ™,whyalesswa,False,2687,1804,5,46860,51294,2013-01-02 21:01:21,human
1000424874194690048,"xoxo, Giuly",xoxo_giuly_,False,31,132,0,1158,907,2018-05-26 17:14:11,human
1034383638,Fr@nâ˜£ï¸â™‰ï¸Â©ï¸Â¥r,xyfraofk,False,461,680,9,1939,11408,2012-12-25 09:10:21,human
470253363,Zia Eli,zia_eli,False,1035,1362,4,2288,28326,2012-01-21 13:56:15,bot
908709155137032192,Stefania,ziaiaia3,False,5802,1996,18,36231,31240,2017-09-15 15:08:40,human
875005129103200257,Rocky,zilianisky66,False,307,463,0,39347,11215,2017-06-14 15:00:54,human
