3039154799	human
390617262	bot
4611389296	human
734396807745286145	human
1010978324569640960	bot
1012447780504326145	human
1012258265772720128	bot
968196446	human
1012049887947456512	bot
1011995299622064131	human
2890342662	human
720666928055001088	bot
1010968620866965506	bot
1704716070	human
1010610247789096960	bot
1154282738	bot
1012070142719774720	bot
883611156228825088	human
1011189105923784704	bot
1012089312794509312	human
1011238575399165959	human
406457303	human
959255458774122496	human
4655510439	human
3119392109	human
1010882400325431298	human
1010605695601963008	bot
809795080429142017	bot
1357959324	bot
1012132071073112064	bot
860938245210869760	bot
1011579270169276416	bot
1010844853926809600	bot
2334131662	bot
750994229216833536	bot
975703783475949568	bot
1001873627506233346	human
327555341	bot
1005146327523713024	human
1012607637026983936	bot
820170949215432704	bot
630459182	human
883724976158887938	bot
3007724008	bot
916187275133890565	bot
4034721759	bot
1459595030	bot
726332639964200960	bot
585091018	human
391505537	human
834490192954290178	bot
2363684405	human
4082476475	human
2982392825	bot
1063319761	human
2918674683	bot
728183118457384960	bot
1698808080	bot
1000351128389865477	human
901802279623417856	human
981636477292564480	bot
825675893741846528	human
2298056467	human
585560662	human
4821863061	human
1002457037706539008	human
550410719	bot
819902175619022849	human
329134629	bot
563771096	bot
868185435293585410	human
1202102875	human
125072714	bot
202212121	bot
1244391379	human
3291561425	bot
554805441	bot
824903248599355395	bot
825380362226429953	bot
1012063518659698690	human
830683244	human
4352856142	human
867072457215279104	human
831914104507990016	bot
1006066460	bot
868401085802852352	bot
1011942938182602753	bot
425943636	human
2579632449	human
1891849693	human
970583174349840384	human
4836438088	human
202305873	bot
971374169781882881	human
1244668758	human
1086442256	human
732212397654609920	bot
1123481	human
2982540659	bot
606417584	human
509892057	human
3500831	human
994133720130113537	human
3070640794	bot
306412249	human
827909004923801600	bot
595356862	human
625712362	human
3407591541	bot
831165187994574850	bot
2918691515	bot
2837970855	bot
855102334875172866	bot
752025755304026112	bot
2992407304	human
996455315796262916	bot
461015426	bot
2323994683	bot
2896312810	bot
177548621	human
728911567589363712	human
2968800676	human
2217834630	human
845712063251054592	human
2982506153	bot
839937500101627904	bot
2799576867	human
1009859481214341120	human
974981520984346626	bot
979300010843168772	bot
231999899	bot
1362279283	human
4826949964	bot
2560586103	human
855136163849482240	bot
523625151	human
932924905	bot
486025962	human
2269447992	bot
327555253	bot
1002691095829057538	bot
548662037	bot
765890238946443264	human
825395422147522560	bot
4353158674	human
989748219776126978	human
983427268528754688	human
905405149614624769	bot
966343682	bot
603005791	human
2939550185	human
1109829834	human
974977242165055488	human
590292527	human
840552254851678211	bot
555791920	human
2199622261	human
424907383	human
4818612196	human
977928174582616064	human
327674514	bot
1331398375	human
333431378	human
825698658695905280	bot
1367800687	human
554539740	bot
134514942	human
989116382611755009	human
729045489665052672	human
1011956312580804608	bot
2211763337	bot
447249054	human
782534791975563264	human
2797764234	bot
2339156160	bot
721817054	human
1011987366582603776	bot
474941280	bot
2349112225	bot
755328987795165184	human
2998480923	bot
926532287675731976	bot
2998555053	bot
2982782446	bot
448110696	bot
2982546107	bot
911509904795545600	human
704820933027045376	human
700244333	human
826000575657549825	bot
950998000742141952	human
276497372	human
2982795550	bot
991332558	human
2976241827	human
489519253	human
3092010165	human
3290568658	bot
2982443524	bot
3224618207	human
573568763	human
838435964922052608	bot
2419259186	human
3122007425	human
1571230602	human
202206667	bot
2930775934	bot
812590099024199680	human
560954476	bot
423240463	bot
2385911950	human
928908311050706944	human
797499926594908160	human
926348944686419968	human
239861947	human
1011723273057554438	human
1011975267915575297	bot
1012138187576180736	human
534504035	human
986192376241770499	human
1012302562660405248	bot
726108618051997696	human
896437116766388224	human
2989418577	bot
972790109325099008	human
814176367	bot
1011716963498909696	human
893832219873206273	bot
228744087	bot
883056345200635904	human
950483930003771392	bot
752099077756686336	human
831785890552877062	bot
2376525880	bot
2704478260	bot
278767989	human
3138084547	human
1122716048	human
1337678305	bot
761376188	human
1198843740	human
2364628874	human
1714082910	human
830818718703837187	bot
2982526985	bot
2485742076	human
1449933242	human
1013118357925777409	human
741328501094121472	human
3506157317	human
1260617916	human
702253149189439488	human
2367002093	human
2976226983	human
561125828	bot
494889421	human
296318811	human
2905469547	human
1012332423290478593	human
55404019	human
950833130948177920	bot
1012308408748396544	human
554630722	bot
1006016766	bot
271466783	human
3014265045	bot
375709660	bot
781523989793497088	bot
2772451794	bot
421858976	human
923265879449759744	human
951241980859830272	human
338585665	human
836505264706715649	human
972313916578713600	bot
3825988815	human
834243806899867648	bot
948982405838397441	bot
1183194624	bot
2998556339	bot
2982506007	bot
503680418	bot
132962832	human
456210073	bot
1268082668	human
922839841	bot
250624869	human
971039774726377474	human
595846370	bot
2985794427	bot
468385317	bot
2949953224	human
761296330903916545	human
1000029438233448448	human
717335652791107584	human
1006938498811809793	human
524420458	bot
1012110155553570816	bot
1011632355419844608	bot
548914113	bot
963823970507214848	bot
2996584924	bot
993286910650015744	human
825402582579412992	bot
2996521607	human
2535033852	bot
2862813495	human
942158304725295104	bot
1004050570494259201	human
834889075337400320	bot
2919429628	bot
1011334857966931968	human
1924501530	bot
560604863	bot
837197413110722560	human
3017654309	bot
1003160464543510528	human
2729708935	human
866147862	human
963492284481331200	human
549384602	bot
987694134529052672	bot
4839898869	human
1011913641548009472	human
53002473	human
2413775282	human
3031331457	human
561480213	human
1301400318	human
549173992	bot
3102059566	bot
197284836	human
1050774624	human
876795381841100801	bot
1005568886098550785	human
944701467839094784	bot
3102658995	human
2363390223	human
910893710308724743	human
850371251277352960	human
923565203253579776	bot
1069206085	human
326826176	human
968459856	human
2950692315	bot
932243210277130240	bot
437486455	human
3623878949	bot
627733507	bot
856380782847422464	human
3107788774	bot
3414414435	bot
950821515364372480	bot
847497841	human
412155718	human
136653194	human
133460400	human
1012102086056599552	human
753659579582541824	bot
186977143	human
3210961812	bot
58165167	bot
2984109993	bot
856884030	human
299365630	human
769392715	human
963118390876491776	bot
990324412841889798	bot
422924590	bot
822162132863160321	bot
757515891403788288	human
2264615275	human
980211187475415042	bot
784806259052666880	bot
788038456274522112	bot
4528239881	bot
977674276936519681	bot
826008852567031808	bot
434217283	human
415107191	human
969646849228525574	bot
2918732806	bot
548764543	bot
825700436766314497	bot
1006252077536997377	human
816718293142740992	human
902535078	human
702789675619061761	bot
2920996798	bot
396024657	bot
1064261450	human
504476597	human
825731362179149824	bot
826850430185590786	bot
2949925353	bot
2780612193	bot
1011923110617116672	human
422947897	bot
1011952811674828800	bot
822096251344814080	bot
759150086756589568	bot
806570189429018624	bot
702878730	human
822123492216897540	bot
2982486513	bot
4701456854	human
51703470	human
804074275376431105	bot
2918711542	bot
808272326324342785	human
898599853546242048	human
2920497934	bot
358795296	human
978697024722829312	human
1012147848496869376	bot
1011940333389836288	bot
897538992345927680	bot
979117618295656450	bot
995292937662664704	human
2672479163	human
785397318	human
750977614035161088	bot
826576741506355203	bot
518642028	bot
135547288	human
873916630828494848	bot
2985880540	bot
193317159	human
979783776489353216	human
1012295892718751747	human
1012294396526710784	human
1012437932945362946	human
971014523174957057	human
2767540864	human
25851958	human
825436422609969152	bot
831161868614004741	bot
202339780	bot
438798142	human
1064122518	human
835202996585787392	bot
994684151046524928	human
4297819397	human
703315728766730240	human
302125749	bot
184810052	bot
165051584	human
3035505075	bot
3489637217	bot
893090869	bot
940196016409731072	human
823299348331134976	human
811246201794338818	human
3304132186	bot
45394510	human
502749635	human
2962604531	human
774297251502026760	bot
839183993975279618	bot
2237617592	human
2300098037	bot
822108222353981442	bot
2983905783	bot
1000463684945240064	human
705486422841675776	bot
615539623	human
827628152411262976	bot
922835518756474880	human
442096443	human
1886073978	bot
840241477	human
3223929605	human
3031628369	bot
2591240449	bot
3211470245	bot
2918679371	bot
839195550473912321	bot
839181003449110530	bot
548707617	bot
2919471316	bot
751373947262869504	bot
945431358	human
761487243353743360	human
2984398203	bot
276026459	human
2181109997	human
824224632467312642	bot
4548516682	bot
941308618154049536	human
617000584	human
2617299705	human
697065638603464704	human
2764705943	bot
765296964401557505	bot
4149019083	bot
1013753576	human
3419845179	bot
2992469811	bot
922163333612089346	bot
1004423026027520001	human
774307111299870721	bot
22009205	human
617171996	human
942142510360596480	human
2982584363	bot
825717413689835521	bot
4908982317	human
2984381056	bot
2350026720	bot
2158759025	bot
2983182773	bot
201197015	bot
3346645053	bot
517747193	human
1005143728070250496	bot
32604352	bot
911914830793240577	human
561948464	bot
202588307	bot
162672772	bot
804848726741282816	bot
2864751126	human
2240552686	human
1092509449	human
50265477	human
407609289	human
4490976615	human
831131341253124096	bot
4580699608	bot
20432064	human
1718499800	human
1379007452	human
3121352247	human
945654953003057154	human
327894673	bot
501989361	bot
202361176	bot
3002946545	bot
549375513	bot
3017805851	bot
1857099379	human
839190638264528897	bot
4636530203	bot
2949998247	bot
82659565	bot
4549685356	bot
2853761597	bot
337161893	human
596665906	human
2432948813	human
839178781394882560	bot
740647957091999744	bot
38846888	human
2921357452	bot
971721103	bot
950829930610413569	bot
2921287407	bot
484162494	bot
978899289861754880	human
455749051	human
2396162744	human
2547012645	human
390778324	human
950817898389540864	bot
3182660278	bot
438646069	human
2153829339	human
2985820509	bot
3098888799	human
360046793	human
14871003	human
735822179783303169	bot
449038596	bot
2580731380	bot
4636335555	bot
1153738128	bot
506048809	human
2919964222	bot
4189019849	human
3315099276	bot
823274532035264517	human
4874146875	bot
2862202113	human
822202598526623744	human
4445949435	human
992839373405093888	bot
4030954341	human
1012085786043453440	human
148803815	human
477014834	human
785477139235741696	human
3072516610	human
3211472394	bot
2984643466	bot
340600489	human
393483438	bot
2455009450	bot
2870733197	human
822200874	human
2983016661	bot
989188674452639744	human
895869750	human
825397260032811012	bot
949059133893853186	bot
14906561	human
974980320721240064	bot
825028579767390208	bot
999977095106367488	human
559917335	bot
4549605137	human
1007902743774793728	human
771685684738482176	human
442144847	human
801152682702622720	human
1048754004	bot
2781237202	human
2921277910	bot
2982498327	bot
831961066313773058	bot
891652563795181573	human
70741097	human
2929725533	bot
3042097091	bot
2950152521	bot
2771208186	bot
974977485183037441	bot
831859384695287808	bot
808773963023286273	bot
1481404124	human
3030965421	bot
1216009520	human
271012954	human
233223130	bot
562092002	bot
804846189439057921	bot
962445055	bot
2951460352	bot
1009719238616145920	bot
265347584	human
561474634	bot
751371698327416832	bot
950827317571608576	bot
344159343	human
3099393491	bot
357063589	human
774339716409921540	bot
3130623154	bot
950821235407163392	bot
2949963189	bot
825987115662065664	bot
989081978	bot
3022000113	bot
3028624132	bot
2982479962	bot
2982464944	bot
262893816	human
2998582175	bot
781179765843750912	human
2982573165	bot
2365823596	human
2806416940	bot
280175586	human
96738439	human
825714613954158595	bot
2267806358	human
3337054126	human
825410712281501698	bot
3873877475	human
422025735	human
500980523	human
17880873	human
831862062833876993	bot
726755736236253184	human
1028654280	human
961661021017518086	bot
3022357312	bot
816242626332598272	bot
1226915408	bot
778859243655012352	bot
2754471474	bot
832998854828113920	bot
825979861659443201	bot
601660948	human
750998654534750208	bot
2950711839	bot
2919407973	bot
1086915288	bot
750684233857961985	bot
750962994100707328	bot
19017283	bot
526391347	bot
825460743445286913	bot
2452764372	human
606575726	human
979754063935000576	human
4798069173	bot
796687702141845504	bot
825718832484474880	bot
784803897483358208	bot
2984510759	bot
160179878	human
3020402578	bot
2980869201	human
242327193	human
431089246	human
2336493886	human
1428293736	human
520683997	human
4046597542	human
804840889067667457	bot
3245545312	bot
1011936924125327361	bot
460216069	human
2982622984	bot
727469564901076992	bot
804851456310439936	bot
839194489050775552	bot
3021446434	bot
4358227817	bot
2920280901	bot
1446141966	human
700643918723940352	human
2306559009	human
839182595875274752	bot
633548507	bot
2732253563	human
984535068751335424	human
1691235696	human
774291046171836416	bot
205354640	human
2983904932	bot
2982567281	bot
3042187528	bot
3228649563	human
4782660614	human
438476133	human
363938347	human
2951285517	bot
1005103898556760064	human
704993843293331456	bot
965638639345655809	human
3027927352	bot
2984400682	bot
422699535	bot
923484261885374464	human
832346968101888002	bot
363954532	human
804847281417633792	bot
839185313461305344	bot
3173307514	human
251194177	bot
1056095060	human
1000424874194690048	human
1034383638	human
728820417805340672	human
470253363	bot
908709155137032192	human
875005129103200257	human
751364095639773184	bot
